specimen_id,MS_institution_code,MS_collection_code,MS_catalog_number,MS_genus,MS_species,Old_iDB_institution_code,Old_iDB_collection_code,Old_iDB_catalog_number,Old_iDB_genus,Old_iDB_species,New_iDB_institution_code,New_iDB_collection_code,New_iDB_catalog_number,New_iDB_genus,New_iDB_species,Correct,Old_iDB_uuid,New_iDB_uuid,
3383,uf,h,11978,sphenodon,punctatus,uf,mammals,11978,geomys,pinetis,uf,herp,11978,sphenodon,punctatus,1,d4a57b8e-4f5b-460a-baf6-17e26a184558,3b164cf0-4fbb-4564-a189-9f7c3248060c,
1748,uf,,22614,nannippus,peninsulatus,uf,mammals,22614,leopardus,pardalis,uf,uf,22614,nannippus,peninsulatus,1,ffbaffbf-3fd2-415a-8745-9e74d8fc4983,e62942ee-f31d-4095-937e-7b9072a20a45,
1836,uf,,2210,eunectes,murinus,uf,mammals,2210,peromyscus,polionotus,uf,herp,2210,eunectes,murinus,1,afb372ac-2d37-4163-96a2-3f337a060c38,106ddbc6-3293-4f3e-85f9-bf43c104269c,
5195,uf,,19420,gomphotherium,gomphotherium,uf,mammals,19420,podomys,floridanus,uf,uf,19420,gomphotherium,,1,9209fdd1-8ac2-4c1e-8f92-1b9b06f87566,5c6e30d4-3faf-45aa-909d-b78831aa85da,
4887,uf,,30003,titanis,walleri,uf,mammals,30003,rhinolophus,arcuatus,uf,uf,30003,titanis,walleri,1,11e30a41-a865-4772-b2db-ded280968eff,ce3d365b-d1ca-4724-b898-1ea3a0fc0c29,
5339,uf,,4109,titanis,walleri,uf,mammals,4109,tamiasciurus,hudsonicus,uf,uf,4109,titanis,walleri,1,3aa8dc13-8474-4345-86a0-6cf9b1067204,8f330f29-054d-4d9a-8115-7dff7fcb6666,
4386,usnm,,365714,otolemur,crassicaudatus,usnm,paleobiology,pal365714,adjidaumo,sp,usnm,mammals,365714,otolemur,crassicaudatus,1,55c16e5e-aa74-4eab-827d-0bbc354686c5,ba7f9bab-2c81-45a7-84b5-4a58d285261e,
4375,usnm,,291732,nycticebus,coucang,usnm,paleobiology,pal291732,aluterus,sp,usnm,mammals,291732,nycticebus,coucang,1,5dc49a93-4b42-4525-a836-2547753266ae,bd7aff99-2b88-4ff6-8644-d867250fc52b,
3871,usnm,,291057,ateles,geoffroyi,usnm,paleobiology,pal291057,anomoeodus,sp,usnm,mammals,291057,ateles,geoffroyi,1,761fca55-8313-48ab-81c7-576f2a900ea8,057f0330-8481-4f23-b7a4-0c5b4d11cbe9,
266,usnm,,461384,cebus,apella,usnm,paleobiology,pal461384,anorthopygus,texanus,usnm,mammals,461384,cebus,apella,1,4daaeeef-b707-4366-b5e8-afa48250b35f,cae17c95-295c-4a0f-85aa-617ef7bf197c,
3881,usnm,,336202,ateles,geoffroyi,usnm,paleobiology,pal336202,antiacodon,pygmaeus,usnm,mammals,336202,ateles,geoffroyi,1,7854b7d0-575c-40a0-ae77-68e75fb72c7d,eea62cd7-ce47-40f9-9f27-3c9a3292f694,
4754,usnm,,144662,cynocephalus,volans,usnm,paleobiology,pal144662,aphelaspis,lata,usnm,mammals,144662,cynocephalus,volans,1,ea0d38c4-b7f6-42cf-9dd2-d244e3e82e14,23259bcb-5043-434f-94fc-db9e315f0d90,
2075,usnm,,320689,tupaia,belangeri,usnm,paleobiology,pal320689,apocynophyllum,texensis,usnm,mammals,320689,tupaia,belangeri,1,e331aa08-370e-4cb1-9667-48ea233cac34,a9fa6f4a-5847-4f0e-9e1a-4429a2386137,
308,usnm,,396265,saimiri,boliviensis,usnm,paleobiology,pal396265,apteribis,sp,usnm,mammals,396265,saimiri,boliviensis,1,7eae8f7e-da5c-45fb-9cdd-cd9002fe4c50,1e05719a-66f5-4ce5-a997-98485111abdf,
4002,usnm,,396499,aotus,lemurinus,usnm,paleobiology,pal396499,apteribis,sp,usnm,mammals,396499,aotus,lemurinus,1,5a7e940c-0884-49b0-8ac6-755bffc53657,fb090ef4-4d90-49a5-949b-b0842b2105ac,
4003,usnm,,396504,aotus,lemurinus,usnm,paleobiology,pal396504,apteribis,sp,usnm,mammals,396504,aotus,lemurinus,1,d083cfea-b959-40ae-a574-c38db685efa9,079afee2-d916-49ae-b7f4-b1491249dcce,
4004,usnm,,396505,aotus,lemurinus,usnm,paleobiology,pal396505,apteribis,sp,usnm,mammals,396505,aotus,lemurinus,1,3b7b476b-efcb-451d-9a5d-98901fa443f9,9808e5b7-b956-46dd-bdd3-b082f2e221a4,
4006,usnm,,396506,aotus,lemurinus,usnm,paleobiology,pal396506,apteribis,sp,usnm,mammals,396506,aotus,lemurinus,1,a771bd61-fb9a-4756-a465-7892a321bc6e,b16827ff-4738-4eab-879a-36f9c42a4324,
4366,usnm,,396725,aotus,nigriceps,usnm,paleobiology,pal396725,apteribis,sp,usnm,mammals,396725,aotus,nigriceps,1,e15d30a2-6808-4a99-a0c9-0df7c9114184,6c4e9e53-9c40-4f07-98fb-0a834a3ca293,
4388,usnm,,396503,aotus,lemurinus,usnm,paleobiology,pal396503,apteribis,sp,usnm,mammals,396503,aotus,lemurinus,1,32736d2b-f6f9-458a-99d1-fa6b0e9e2790,cd348260-734f-4fec-b170-65d0a21745eb,
3689,usnm,,488511,rhinosciurus,laticaudatus,usnm,paleobiology,pal488511,assimulia,fracta,usnm,mammals,488511,rhinosciurus,laticaudatus,1,34d750ab-8a81-4f9b-bb5b-eeff2b5efdac,3b24de12-a30f-45a0-99cb-a5eb352df429,
4337,usnm,,542489,eulemur,fulvus,usnm,paleobiology,pal542489,aulolithomys,vexilliames,usnm,mammals,542489,eulemur,fulvus,1,26aac17f-79b8-4b55-aab1-889f521f3637,c5a3684a-6d42-42d3-8ae6-426d79eda838,
212,usnm,,171063,alouatta,palliata,usnm,paleobiology,pal171063,bathylagus,sp,usnm,mammals,171063,alouatta,palliata,1,ca946b30-86cb-4d21-8184-19f0e8be1892,f69a89d1-e811-4181-80cc-4822afeb0414,
5229,usnm,,311217,lagothrix,lugens,usnm,paleobiology,pal311217,betulites,westii,usnm,mammals,311217,lagothrix,lagothricha,1,746c48e3-8fd5-4297-b8f0-71008bc42c2b,109d8e56-cfa8-4b35-adb2-eaef3c44f4d2,
5661,usnm,,337328,cebuella,pygmaea,usnm,paleobiology,pal337328,borelis,schlumbergeri,usnm,mammals,337328,cebuella,pygmaea,1,06f2e520-bc1b-4455-b95c-996e6e34a007,d68117ec-ae68-4734-a7d0-cc8675ad7eac,
4361,usnm,,399507,lagothrix,lagotricha,usnm,paleobiology,pal399507,branta,sandvicensis,usnm,mammals,399507,lagothrix,lagothricha,1,2864a503-34aa-4c6d-b2d6-71cd2251ed8f,c6ed6e71-cf04-4e77-b34b-190dc61c8387,
5652,usnm,,399036,callithrix,jacchus,usnm,paleobiology,pal399036,branta,sp,usnm,mammals,399036,callithrix,jacchus,1,f38759f9-39d9-499e-be1f-167e5acde311,e0cf6861-3e15-416d-8df0-859f01477dff,
5653,usnm,,399037,callithrix,jacchus,usnm,paleobiology,pal399037,branta,sp,usnm,mammals,399037,callithrix,jacchus,1,830466aa-738c-47fd-b278-cfbe5d7d6e8c,08de1f4d-61fe-4728-b032-b7f742d85416,
4020,usnm,,465852,galago,senegalensis,usnm,paleobiology,pal465852,brissopsis,steinhatcher,usnm,mammals,465852,galago,senegalensis,1,700801c4-a4db-4e2a-a5be-f99c61029142,ebf26e02-5db3-4c87-a877-9b21530d44ad,
4021,usnm,,465853,galago,senegalensis,usnm,paleobiology,pal465853,brissopsis,crescenticus,usnm,mammals,465853,galago,senegalensis,1,d4745e40-2cee-4241-9d79-e7952ab9e1d9,c1666107-25c2-4e47-b2e3-747f065b66d0,
5499,usnm,,338955,ateles,paniscus,usnm,paleobiology,pal338955,camagueyia,perplexa,usnm,mammals,338955,ateles,paniscus,1,e1a8af6b-fc51-4323-8606-a05532770f4a,f74b65eb-95e6-44de-b106-3dc7d6d70c21,
3381,usnm,,200283,tarsius,spectrum,usnm,paleobiology,pal200283,cambrorhytium,major,usnm,mammals,200283,tarsius,tarsier,1,5699fad0-2228-4231-a072-5595c3e2fadb,fae43b86-b4f7-42c5-a756-2d810c88ce91,
4300,usnm,,199694,daubentonia,madagascariensis,usnm,paleobiology,pal199694,canadia,sp,usnm,mammals,199694,daubentonia,madagascariensis,1,7d340204-6745-4cf0-a92e-fdca14888006,8529c018-83a6-46a5-bf3c-ba0a92a3e6ad,
216,usnm,,281658,alouatta,seniculus,usnm,paleobiology,pal281658,carcharodon,megalodon,usnm,mammals,281658,alouatta,seniculus,1,5cfcdfaf-1090-4e52-8426-cd366088b5d9,b77c4058-33b9-452f-9ecf-3ce5bec47fdc,
239,usnm,,336204,ateles,geoffroyi,usnm,paleobiology,pal336204,carcharodon,carcharias,usnm,mammals,336204,ateles,geoffroyi,1,d42d75e6-7e46-4043-9bc2-538c15fa9180,1fb5fa68-182e-4d73-a75d-f8f7857f1da8,
3909,usnm,,282850,alouatta,palliata,usnm,paleobiology,pal282850,carcharodon,megalodon,usnm,mammals,282850,alouatta,palliata,1,7d401e4c-a242-494c-a3ef-616088ebcfa1,0fb6cecf-4cf2-4c3a-b920-a7361fb2cd43,
3917,usnm,,339919,alouatta,palliata,usnm,paleobiology,pal339919,carcharodon,megalodon,usnm,mammals,339919,alouatta,palliata,1,14883e32-969b-4856-9221-5e68d3a58054,b5d3b508-4e68-411a-968e-bce054beda2d,
5020,usnm,h,269001,chiasmocleis,royi,usnm,paleobiology,pal269001,cartorhium,retusum,usnm,amphibians & reptiles,269001,chiasmocleis,royi,1,2ca883cb-660c-4938-8693-5dd9b92be42b,eb31ebc7-12fa-4366-834c-312a8b7d21e3,
3912,usnm,,284641,alouatta,palliata,usnm,paleobiology,pal284641,chelonoidis,abingdonii,usnm,mammals,284641,alouatta,palliata,1,3a85eee2-c6a2-4b9b-a8ad-a94111fa6977,4e80a2b0-d1a9-4ed1-93d8-6c1f45975cf8,
3867,usnm,,284947,ateles,geoffroyi,usnm,paleobiology,pal284947,chilomycterus,schoepfii,usnm,mammals,284947,ateles,geoffroyi,1,25d52daf-ca39-4cea-8caf-34348ebb3d22,9adaa4c4-cd18-4c67-81fd-c6a670202f97,
3868,usnm,,284948,ateles,geoffroyi,usnm,paleobiology,pal284948,chilomycterus,schoepfii,usnm,mammals,284948,ateles,geoffroyi,1,9e91952c-bd71-4175-b1cb-0e41f0965815,f0fae0bb-05b8-49f8-aa0b-b8292743398e,
3869,usnm,,284951,ateles,geoffroyi,usnm,paleobiology,pal284951,chilomycterus,schoepfii,usnm,mammals,284951,ateles,geoffroyi,1,bd9b1125-3547-4da7-8d24-4fe3c37d021b,5c509dd0-a2a2-48a8-8ff6-41282e9472d8,
5194,usnm,,276657,ateles,geoffroyi,usnm,paleobiology,pal276657,chrysomelidae,sp,usnm,mammals,276657,ateles,geoffroyi,1,2eb0cf05-58f9-47c9-a917-0170c8d4970b,3ad00ad1-2d5e-48e6-be07-f59815dcc0e8,
3156,usnm,,377271,perodicticus,potto,usnm,paleobiology,pal377271,cibicides,bantamensis,usnm,mammals,377271,perodicticus,potto,1,935ab625-12a4-4774-8f07-ea3341a2f2c8,06406ff1-d9d7-4953-b125-3a664ebf6976,
5225,usnm,,302626,cacajao,calvus,usnm,paleobiology,pal302626,clarkeoceras,rhomboidale,usnm,mammals,302626,cacajao,calvus,1,c470e045-6030-43c1-ab6c-5acd0d213fee,1ea75ec1-edb0-43c8-bfa1-b7c3e0b024a3,
2296,usnm,m,142215,nasalis,larvatus,usnm,paleobiology,pal142215,coledium,obesum,usnm,mammals,142215,nasalis,larvatus,1,8969e20a-bdbb-482f-9227-6d6ba73d77c3,0d7c9297-be98-4898-9427-0092da8d5f29,
2074,usnm,,311305,tupaia,glis,usnm,paleobiology,pal311305,conradella,dyeri,usnm,mammals,311305,tupaia,glis,1,f19c6e58-a5b6-4f77-bed8-33711749d92f,65a13cd0-2c43-42d6-ba7c-a604ca3a7f5c,
3006,usnm,,461930,lagothrix,lagotricha,usnm,paleobiology,pal461930,conulus,subrotundus,usnm,mammals,461930,lagothrix,lagothricha,1,fb19e05a-8414-431c-8d87-9cf03bece082,efe0ef2f-efc3-4daf-867d-0b4a5d98bae0,
3064,usnm,,461931,lagothrix,lagotricha,usnm,paleobiology,pal461931,conulus,subrotundus,usnm,mammals,461931,lagothrix,lagothricha,1,7fa9d1ce-aff0-48ba-bc8a-5b34e7c8853f,a276b227-2135-4bcc-9652-2da85b760620,
230,usnm,,364486,aotus,nigriceps,usnm,paleobiology,pal364486,cordaites,spatulata,usnm,mammals,364486,aotus,nigriceps,1,36ca74be-8085-4bc9-89db-d08b8387b6fe,3df1b4b6-55e5-47b9-aab1-881f7ca51c60,
4000,usnm,,305915,aotus,lemurinus,usnm,paleobiology,pal305915,corum,perfectum,usnm,mammals,305915,aotus,lemurinus,1,cb3d4a44-1e29-4f62-8851-e7a008afc3cf,dc143e45-5c09-4e07-ae15-c53474e4e2e3,
3925,usnm,,338964,chiropotes,satanas,usnm,paleobiology,pal338964,coskinolinoides,jamaicensis,usnm,mammals,338964,chiropotes,satanas,1,a34dc49d-c651-4a04-b208-f51c5aeec0d8,5a1b5168-34da-4eac-861f-ac18db8f8781,
1658,usnm,,317118,galeopterus,variegatus,usnm,paleobiology,pal317118,cosmonautilus,shastensis,usnm,mammals,317118,galeopterus,variegates,1,b2fb7b46-45be-46a4-a21b-b8e1eb28485c,eb69edf2-8682-47ca-ae73-c4a1fd7c66b2,
2197,usnm,,320655,tupaia,belangeri,usnm,paleobiology,pal320655,coussapoa,pliocenica,usnm,mammals,320655,tupaia,belangeri,1,c38f50d5-ea6d-489e-af9c-c0e30b78d980,4d471e5d-1009-4f7e-89db-a69f72a5042f,
3951,usnm,,300794,pithecia,pithecia,usnm,paleobiology,pal300794,cretolamna,sp,usnm,mammals,300794,pithecia,pithecia,1,0c520971-80b4-4abb-baf1-b678f9027e96,98976ac4-b349-45fd-9731-70670fb7936d,
3998,usnm,,291971,aotus,lemurinus,usnm,paleobiology,pal291971,cretolamna,sp,usnm,mammals,291971,aotus,lemurinus,1,8660bcca-4c4e-41ae-b316-0d8b6e891767,37f6d3e1-234d-44a5-ba26-ec3719a1568c,
5644,usnm,,464991,callimico,goeldii,usnm,paleobiology,pal464991,cryptoblastus,melo,usnm,mammals,464991,callimico,goeldii,1,25efecab-df1d-4835-8669-eadde720d76c,9403299d-6fb3-4b97-860c-a5fc8fd612e5,
5663,usnm,,464990,cebuella,pygmaea,usnm,paleobiology,pal464990,cryptoblastus,melo,usnm,mammals,464990,cebuella,pygmaea,1,1b26ebaf-8211-4371-9812-1a5d368213b7,8e3ec61b-3ad6-41ab-bfcb-486a413c0794,
2198,usnm,,311311,tupaia,glis,usnm,paleobiology,pal311311,cyrtolites,ornatus,usnm,mammals,311311,tupaia,glis,1,8a6a247b-feec-41c7-9f64-1420fe51f26c,fe698d47-e71a-4565-9617-c7f30fef8935,
3385,usnm,,282761,carlito,syrichta,usnm,paleobiology,pal282761,dasyatis,sp,usnm,mammals,282761,carlito,syrichta,1,229685c1-e70f-44de-a2b5-cc5c7b919ef8,2f6c8c2e-9b6c-451f-b81f-7e3502f4b93f,
4370,usnm,,338961,chiropotes,satanas,usnm,paleobiology,pal338961,discocyclina,habanensis,usnm,mammals,338961,chiropotes,satanas,1,f07c5620-1338-4007-a4fc-738ba669730f,4eb70bb7-5176-4308-8396-9aa26819fe60,
3388,usnm,,317189,cephalopachus,bancanus,usnm,paleobiology,pal317189,discotropites,formosus,usnm,mammals,317189,cephalopachus,bancanus,1,c0c227e1-716a-4776-b490-ba74d0e3c70c,342846ae-6951-4637-bf66-d9c84a75a613,
4373,usnm,,317188,nycticebus,coucang,usnm,paleobiology,pal317188,discotropites,formosus,usnm,mammals,317188,nycticebus,menagensis,1,ef01bf08-00d6-4ac5-81a4-2f2f5aa91913,cb2388bf-c830-4c2b-a304-de30042678b8,
3915,usnm,,337850,alouatta,palliata,usnm,paleobiology,pal337850,dryosaurus,altus,usnm,mammals,337850,alouatta,palliata,1,9e1ca3ff-d860-48fa-9154-75d2396003ea,76236095-6845-4bce-9913-c3c4dfa9981b,
282,usnm,,545878,lagothrix,lagotricha,usnm,paleobiology,pal545878,dyscritellopsis,thaynesianus,usnm,mammals,545878,lagothrix,lagothricha,1,33268511-2ab3-4e17-bf32-f75df39ca68e,eddda3c2-992c-499d-95e3-f620217330e1,
283,usnm,,545879,lagothrix,lagotricha,usnm,paleobiology,pal545879,dyscritellopsis,thaynesianus,usnm,mammals,545879,lagothrix,lagothricha,1,347aa4c0-0368-47ad-a19a-5f7e9d83d2f2,b99bb22d-fed7-447b-b8ea-00fa00d8ce8c,
284,usnm,,545887,lagothrix,lagotricha,usnm,paleobiology,pal545887,dyscritellopsis,thaynesianus,usnm,mammals,545887,lagothrix,lagothricha,1,f7fde2ad-91ae-44ce-90f9-4c2a28cfaf2d,46c36ae1-8478-4133-9093-6ac0a256a53d,
285,usnm,,545890,lagothrix,lagotricha,usnm,paleobiology,pal545890,dyscritellopsis,thaynesianus,usnm,mammals,545890,lagothrix,lagothricha,1,1f046c5a-7d22-4991-8bdd-01643a9b0c80,76ee9e32-17d2-4413-a7c8-5c3047d0b7a0,
295,usnm,,545891,pithecia,monachus,usnm,paleobiology,pal545891,dyscritellopsis,thaynesianus,usnm,mammals,545891,pithecia,monachus,1,032b6b6d-a4bf-499c-82af-65f76ee3d06b,c3a824a7-1361-4f5d-8075-1f343c1378b1,
310,usnm,,545893,saimiri,sciureus,usnm,paleobiology,pal545893,dyscritellopsis,thaynesianus,usnm,mammals,545893,saimiri,ustus,1,6db5bb85-bea6-4b81-a8b2-4db72fe2a734,4189ea4b-9aac-4b5f-a4d0-9bf3b5fb07a1,
3118,usnm,,545880,lagothrix,lagotricha,usnm,paleobiology,pal545880,dyscritellopsis,thaynesianus,usnm,mammals,545880,lagothrix,lagothricha,1,92695ce3-776b-4a26-b535-491f03144779,4e21d67d-8f3c-4b6a-bfda-9307ecbb8f1e,
3119,usnm,,545881,lagothrix,lagotricha,usnm,paleobiology,pal545881,dyscritellopsis,thaynesianus,usnm,mammals,545881,lagothrix,lagothricha,1,cbd636ce-9888-4aeb-a138-c3c90dbf4eeb,3c17c690-5004-4b5c-88f8-a62c35da730e,
3120,usnm,,545882,lagothrix,lagotricha,usnm,paleobiology,pal545882,dyscritellopsis,thaynesianus,usnm,mammals,545882,lagothrix,lagothricha,1,7da7f947-dbad-4fc8-9141-f715b50f35a8,d020bde6-a7cd-4c93-9a0d-73007b9697b7,
3121,usnm,,545883,lagothrix,lagotricha,usnm,paleobiology,pal545883,dyscritellopsis,thaynesianus,usnm,mammals,545883,lagothrix,lagothricha,1,4264d848-3baf-412b-bfba-22be1a3debfb,bcf2dcab-50c6-4535-8cf6-543062705d70,
3122,usnm,,545884,lagothrix,lagotricha,usnm,paleobiology,pal545884,dyscritellopsis,thaynesianus,usnm,mammals,545884,lagothrix,lagothricha,1,1db69b6c-33f0-42b6-8056-2aecf20d4624,2d920dfa-b92b-4327-9957-720f9ebb8252,
3123,usnm,,545886,lagothrix,lagotricha,usnm,paleobiology,pal545886,dyscritellopsis,thaynesianus,usnm,mammals,545886,lagothrix,lagothricha,1,8b07faaa-d2de-47fd-b30c-d319ff60189a,00c98cf7-c3c2-4bdf-bd50-08a4a28eabf3,
3124,usnm,,545888,lagothrix,lagotricha,usnm,paleobiology,pal545888,dyscritellopsis,thaynesianus,usnm,mammals,545888,lagothrix,lagothricha,1,3a49aebf-16d9-40c8-9d0e-4fd2be395fd8,13d7a95e-cb04-4425-bf50-e69e5a51a32a,
3125,usnm,,545889,lagothrix,lagotricha,usnm,paleobiology,pal545889,dyscritellopsis,thaynesianus,usnm,mammals,545889,lagothrix,lagothricha,1,81122a21-e589-4ee2-baae-a7d4eb86221f,9232cc92-c71d-4450-a9d6-d741fe40457e,
3853,usnm,,337324,cebuella,pygmaea,usnm,paleobiology,pal337324,dzieduszyckia,sonora,usnm,mammals,337324,cebuella,pygmaea,1,4e945870-5f09-4a9f-9f9d-0aea2783e6d8,32344dd6-a62d-44de-a868-b2c68c17f054,
5657,usnm,,337319,cebuella,pygmaea,usnm,paleobiology,pal337319,dzieduszyckia,sonora,usnm,mammals,337319,cebuella,pygmaea,1,794927a1-8bf3-47ec-81f6-043916a4d26a,16f355ae-73f4-4a70-9532-e1ab5b5c05f5,
5658,usnm,,337320,cebuella,pygmaea,usnm,paleobiology,pal337320,dzieduszyckia,sonora,usnm,mammals,337320,cebuella,pygmaea,1,3336d778-d92c-49d4-9de7-462a6a09f4c6,20452efb-7820-4e9d-91ea-813952df6430,
5659,usnm,,337321,cebuella,pygmaea,usnm,paleobiology,pal337321,dzieduszyckia,sonora,usnm,mammals,337321,cebuella,pygmaea,1,bb909677-222e-44d6-96a1-59464fb2b67c,260f4517-3432-4355-bbad-51a3def644a9,
5660,usnm,,337322,cebuella,pygmaea,usnm,paleobiology,pal337322,dzieduszyckia,sonora,usnm,mammals,337322,cebuella,pygmaea,1,23ea9c77-fe27-4b61-9f9c-016846efa31f,8496e15f-f7e5-426b-9ace-b6f624697ffe,
4310,usnm,,83666,hapalemur,griseus,usnm,paleobiology,pal83666,eccyliopterus,louderbacki,usnm,mammals,83666,hapalemur,griseus,1,9666d0fb-0660-4a0c-b6de-88d7349bf099,a26e5fc7-9e8c-4979-bfa2-614cd04447f9,
4383,usnm,,83667,hapalemur,griseus,usnm,paleobiology,pal83667,eccyliopterus,sp,usnm,mammals,83667,hapalemur,griseus,1,b8ac2191-b633-4625-acf3-ec211bb0cf38,a3b10887-bdd3-4394-a9f6-a3e7a9f49256,
4385,usnm,,240408,alouatta,palliata,usnm,paleobiology,pal240408,eirlysia,sp,usnm,mammals,240408,alouatta,palliata,1,64b94f0d-ba8f-46b8-8494-6feade8d490e,1e552fde-8704-404b-a617-c1be9032a102,
5228,usnm,,338954,ateles,paniscus,usnm,paleobiology,pal338954,eoannularia,eocenica,usnm,mammals,338954,ateles,paniscus,1,126aca14-ff5c-4b85-8807-8aa5efd9323b,7da67c91-4a23-4983-8694-923b7309070b,
145,usnm,,257397,propithecus,verreauxi,usnm,paleobiology,pal257397,eponides,sp a,usnm,mammals,257397,propithecus,deckenii,1,6c062b65-cee6-4e12-8814-f87e7991db32,314cb7fe-9f7e-49ab-9544-4d0441ea5d1e,
3328,usnm,,465892,perodicticus,potto,usnm,paleobiology,pal465892,eupatagus,alabamensis,usnm,mammals,465892,perodicticus,potto,1,272e77ab-3ac3-4196-b7dd-f898721ca3d7,d742dcb8-5496-4152-9ee9-0d03946462c3,
3330,usnm,,465897,perodicticus,potto,usnm,paleobiology,pal465897,eupatagus,carolinensis,usnm,mammals,465897,perodicticus,potto,1,e6e6b2fd-992d-491c-9855-7fc69dce7d4c,1faf7731-e3b0-48ea-818e-9a1ef2dcf316,
3331,usnm,,465898,perodicticus,potto,usnm,paleobiology,pal465898,eupatagus,carolinensis,usnm,mammals,465898,perodicticus,potto,1,e35edeee-e283-4e03-a877-da8de92ff9e3,4b49e49e-6a2f-4e43-ac69-d1b86bbdc3e5,
3334,usnm,,465904,perodicticus,potto,usnm,paleobiology,pal465904,eupatagus,alatus,usnm,mammals,465904,perodicticus,potto,1,02c02ec4-4734-49b7-ac5c-955b50b3ae83,63731f88-468c-440e-97aa-f3add1f039d8,
3329,usnm,,465895,perodicticus,potto,usnm,paleobiology,pal465895,euspatangus,clevei,usnm,mammals,465895,perodicticus,potto,1,2e6b53c0-fde8-4ba7-99ec-6b362268e1f0,65cc4d2a-e907-419c-b70f-358594a60c3c,
4022,usnm,,465889,galago,senegalensis,usnm,paleobiology,pal465889,euspatangus,clevei,usnm,mammals,465889,galago,senegalensis,1,6facb994-875f-4603-b4f6-7149149fa189,ef92e507-2db3-4d6f-9f28-08ee5f3397bb,
3882,usnm,,462159,cynocephalus,volans,usnm,paleobiology,pal462159,galeropygus,agariciformis,usnm,mammals,462159,cynocephalus,volans,1,2be18822-66cc-446d-bf4a-b41d7cc5e095,784486b6-c17c-4c20-936c-a00f49fadc70,
249,usnm,,256215,cacajao,melanocephalus,usnm,paleobiology,pal256215,genus,sp,usnm,mammals,256215,cacajao,melanocephalus,1,8a507fc0-359a-44b5-ac45-cdc51655bef3,c7a13a02-a890-4870-a5eb-078a62092ea4,
279,usnm,,546263,chiropotes,satanas,usnm,paleobiology,pal546263,genus,sp,usnm,mammals,546263,chiropotes,satanas,1,94586d76-ab78-4293-80e7-e58faf485b69,440e89d8-3262-4f60-aca5-ef00463e5115,
280,usnm,,546264,chiropotes,satanas,usnm,paleobiology,pal546264,genus,sp,usnm,mammals,546264,chiropotes,satanas,1,53dc432e-6016-4ebf-b1d2-8c26cbeff947,d7819f10-fe48-47a2-b366-e9e7d9e47199,
1687,usnm,,488058,ptilocercus,lowii,usnm,paleobiology,pal488058,genus,sp,usnm,mammals,488058,ptilocercus,lowii,1,8b5cedbd-ad41-4669-bf7b-6de60d36cd12,2acd43ab-ea88-4a34-b73b-9669e64407a8,
2077,usnm,,481107,ptilocercus,lowii,usnm,paleobiology,pal481107,genus,sp,usnm,mammals,481107,ptilocercus,lowii,1,258cd585-7f2e-4e31-9662-1973bd1c3ac3,c3eec1e4-8b94-47b3-ab47-1418ec7b5e45,
2079,usnm,,481108,ptilocercus,lowii,usnm,paleobiology,pal481108,genus,sp,usnm,mammals,481108,ptilocercus,lowii,1,33751993-5da6-41ee-851a-bfc89e1e2407,736b9d0e-5111-4ad9-90ac-8a4a8328963c,
2306,usnm,m,397648,miopithecus,ogouensis,usnm,paleobiology,pal397648,genus,sp,usnm,mammals,397648,miopithecus,ogouensis,1,b9ff0680-e2c9-40da-98e2-0772e37b7352,abc395ae-3265-45b2-8f14-0e5aa7a7b9a3,
3159,usnm,,439101,perodicticus,potto,usnm,paleobiology,pal439101,genus,sp,usnm,mammals,439101,perodicticus,potto,1,76f8f96c-4df5-4428-abf4-bcb93ab02671,3f5c559a-ae24-46f9-8d00-156e399c19c0,
3162,usnm,,439102,perodicticus,potto,usnm,paleobiology,pal439102,genus,sp,usnm,mammals,439102,perodicticus,potto,1,cc0146b8-38b6-4eb0-89eb-760d6e9f00e7,668e9a4c-9cb5-455d-a406-3d97ff1bdd3a,
3163,usnm,,439103,perodicticus,potto,usnm,paleobiology,pal439103,genus,sp,usnm,mammals,439103,perodicticus,potto,1,475d3624-e7d3-4dde-aeb0-25b912ffaecd,3d230388-15b8-40b8-ab5f-4ca71056db44,
3164,usnm,,439104,perodicticus,potto,usnm,paleobiology,pal439104,genus,sp,usnm,mammals,439104,perodicticus,potto,1,c0a605c8-36f6-423b-ac56-9cabe94b61fc,0204bb9b-052e-4609-b74b-94b0dbd66080,
3505,usnm,,488084,cephalopachus,bancanus,usnm,paleobiology,pal488084,genus,sp,usnm,mammals,488084,cephalopachus,bancanus,1,ba74b6f4-0156-4ad8-ad1a-d4b256ac0c03,92115828-eb62-4c15-8a51-32d3d4ab258f,
3606,usnm,,378091,heliosciurus,rufobrachium,usnm,paleobiology,pal378091,genus,sp,usnm,mammals,378091,heliosciurus,rufobrachium,1,151b7153-ce4f-4f7f-b04c-a7c14711d5e8,9d2efe26-43c6-4d59-9b29-cd7bb23a8a44,
3916,usnm,,337858,alouatta,palliata,usnm,paleobiology,pal337858,genus,sp,usnm,mammals,337858,alouatta,palliata,1,a9bc7f68-e5e0-4230-a0c3-3fbf88e71c35,b9b5904b-b102-41d6-9a3e-0fd6d19e4acf,
4106,usnm,,355347,nycticebus,coucang,usnm,paleobiology,pal355347,genus,sp,usnm,mammals,355347,nycticebus,coucang,1,2952f793-e633-4562-9f10-65c7bdc6fdf8,18d1bc3f-d3cb-41f1-aebb-9f4720b9e8fa,
4321,usnm,,338112,ateles,fusciceps,usnm,paleobiology,pal338112,genus,sp,usnm,mammals,338112,ateles,fusciceps,1,aa98d476-c127-427b-934a-6545728088fc,2cfce520-5979-4d1b-9ed8-57e5ac224f2e,
4334,usnm,,589433,eulemur,fulvus,usnm,paleobiology,pal589433,genus,sp,usnm,mammals,589433,eulemur,fulvus,1,796522bc-2c20-402e-b904-ae51d090623c,d4491ef9-5ac8-404e-90c8-7ef0ec3709e3,
4362,usnm,,398040,saimiri,sciureus,usnm,paleobiology,pal398040,genus,sp,usnm,mammals,398040,saimiri,sciureus,1,ae70708d-49b9-46f7-bbc2-4bbfd69e8c71,125cc193-a1d0-4e95-a415-17fa2ca49f88,
4363,usnm,,397933,callicebus,ornatus,usnm,paleobiology,pal397933,genus,sp,usnm,mammals,397933,callicebus,ornatus,1,2ebe1f67-4918-4439-bf14-497534db9512,dff38752-976e-4fca-9576-47fbbda99d82,
4372,usnm,,336287,otolemur,garnettii,usnm,paleobiology,pal336287,genus,sp,usnm,mammals,336287,otolemur,garnettii,1,184a8a0c-3785-4764-8812-ebfd9de232ac,7f77e195-0e09-41dc-bbc2-8867a0d71a64,
4379,usnm,,255517,eulemur,macaco,usnm,paleobiology,pal255517,genus,sp,usnm,mammals,255517,eulemur,macaco,1,149e1781-8992-4503-ae4c-fa4897804c51,b13e394c-7933-45c6-96a2-049776109cb9,
4384,usnm,,589434,eulemur,fulvus,usnm,paleobiology,pal589434,genus,sp,usnm,mammals,589434,eulemur,fulvus,1,b181ec5f-bf63-4514-ac3a-206d4fa16dd6,8e7ac304-e356-4edf-9f67-9ceb70a386e9,
5216,usnm,,397383,lagothrix,lagotricha,usnm,paleobiology,pal397383,genus,sp,usnm,mammals,397383,lagothrix,lagothricha,1,052f1876-0981-4e0f-ba36-0269f91d8c5f,cfb82cfa-7d6e-47d8-8a61-c5559061c054,
5222,usnm,,397774,lagothrix,lagotricha,usnm,paleobiology,pal397774,genus,sp,usnm,mammals,397774,lagothrix,lagothricha,1,001e75b8-673d-40e4-9b71-cd8b9d80c954,e94cb029-f5bb-4229-96a4-f873e6b5c310,
5497,usnm,,276631,ateles,geoffroyi,usnm,paleobiology,pal276631,genus,sp,usnm,mammals,276631,ateles,geoffroyi,1,3ad95294-5a97-4663-a0d3-297c150ef713,a18ca19d-d8d3-49e0-ace6-dcf6586bde64,
5595,usnm,,398212,callicebus,torquatus,usnm,paleobiology,pal398212,genus,sp,usnm,mammals,398212,callicebus,torquatus,1,0c649acc-8e56-4bf6-b9a1-45b5606ef875,ee7a2cb8-f910-4264-9550-2e35b39a3853,
5643,usnm,,395455,callimico,goeldii,usnm,paleobiology,pal395455,genus,sp,usnm,mammals,395455,callimico,goeldii,1,d1d5746f-87ea-442a-9943-7f4f64ee4b54,00dd5a5b-e0ee-4976-874a-099f51eb5112,
5646,usnm,,583199,callimico,goeldii,usnm,paleobiology,pal583199,genus,sp,usnm,mammals,583199,callimico,goeldii,1,466624cd-263e-49d5-810f-7b0dc6acc197,86ca6d71-fb69-4f74-8eb0-03c147e9337e,
5647,usnm,,399069,callithrix,argentata,usnm,paleobiology,pal399069,genus,sp,usnm,mammals,399069,callithrix,argentata,1,5774f103-3e0b-4960-ae98-765a33c781ca,86aa7ec7-ebda-4cb5-a705-cba9d08d6cd9,
5649,usnm,,582900,callithrix,geoffroyi,usnm,paleobiology,pal582900,genus,sp,usnm,mammals,582900,callithrix,geoffroyi,1,2fcc9f4a-ca9d-48d0-b548-8c8a5c26ee83,b93d4f7b-edec-4406-85e7-41a9d330217b,
5650,usnm,,398848,callithrix,jacchus,usnm,paleobiology,pal398848,genus,sp,usnm,mammals,398848,callithrix,jacchus,1,207b00bd-7990-4c3a-9833-cece0e68da30,651680c6-d565-440f-8fb3-f6763027706a,
5654,usnm,,574137,callithrix,argentata,usnm,paleobiology,pal574137,genus,sp,usnm,mammals,574137,callithrix,melanura,1,ca1b5a00-7c36-4b13-a197-17eba8d903dc,cce2957b-b3d7-41ca-bf28-e5708087e1b3,
5666,usnm,,588176,leontopithecus,rosalia,usnm,paleobiology,pal588176,genus,sp,usnm,mammals,588176,leontopithecus,rosalia,1,7e39633a-5b11-4305-86f6-da2642f00b04,7321ec0b-1126-43c4-bb65-459064895054,
5667,usnm,,588177,leontopithecus,rosalia,usnm,paleobiology,pal588177,genus,sp,usnm,mammals,588177,leontopithecus,rosalia,1,06c6a2d9-b7fa-4c49-9cea-485a17e37ff4,38186857-187e-45f3-8b24-a069b3f531a2,
5674,usnm,,336325,cebuella,pygmaea,usnm,paleobiology,pal336325,genus,sp,usnm,mammals,336325,cebuella,pygmaea,1,6b3bbe1b-109a-4468-bdb1-a93f988df76d,c1777c59-781f-4d03-889f-de4915d47a65,
3910,usnm,,284636,alouatta,palliata,usnm,paleobiology,pal284636,geospiza,magnirostris,usnm,mammals,284636,alouatta,palliata,1,e0814995-b557-4c38-9e8b-a79b1eda2bac,f2e1becc-fd5c-4b23-af05-db040aec2065,
3911,usnm,,284638,alouatta,palliata,usnm,paleobiology,pal284638,geospiza,magnirostris,usnm,mammals,284638,alouatta,palliata,1,e316a3a7-f239-40ce-ab51-c4f05737fc6e,287a164e-2899-48e2-8b38-8a1b5b6f9703,
5213,usnm,,463932,callicebus,moloch,usnm,paleobiology,pal463932,girtyspira,microspirula,usnm,mammals,463932,callicebus,moloch,1,9503a48c-db12-4e7b-a9d1-0efb00dc47de,84623581-fe79-4b10-8025-2c36c5e12c6a,
5214,usnm,,463934,callicebus,moloch,usnm,paleobiology,pal463934,girtyspira,microspirula,usnm,mammals,463934,callicebus,moloch,1,0ce67f76-72c2-44a2-a85c-b4ac23d1f1d1,04683f46-adae-4f02-bf5c-1834e6b72db8,
5632,usnm,,463933,callimico,goeldii,usnm,paleobiology,pal463933,girtyspira,microspirula,usnm,mammals,463933,callimico,goeldii,1,d8923e7b-564d-4b93-909e-e031f72469ac,9f09dd24-7d6a-4d86-b60d-452fe91a76e9,
311,usnm,,546267,saimiri,sciureus,usnm,paleobiology,pal546267,glyptops,pervicax,usnm,mammals,546267,saimiri,sciureus,1,86473312-dc59-403a-9d50-ef71e4d86368,e0d8dbe7-dbd0-431f-b3d8-8d8c5ad25974,
309,usnm,,518547,saimiri,sciureus,usnm,paleobiology,pal518547,heliophyllum,halli,usnm,mammals,518547,saimiri,sciureus,1,b010c732-bea3-4f27-8d4c-3892e78c2957,a1ed6c54-2711-487f-b975-1c60392e9c92,
5648,usnm,,518553,callithrix,geoffroyi,usnm,paleobiology,pal518553,heliophyllum,halli,usnm,mammals,518553,callithrix,geoffroyi,1,a4354c80-2e73-47c9-a64c-863ec6f72df4,c8939d4e-5bb6-4de6-8485-32f76f410d1c,
4376,usnm,,269327,perodicticus,potto,usnm,paleobiology,pal269327,hymenocaris,sp,usnm,mammals,269327,perodicticus,potto,1,dd3455c2-5aa3-4185-a764-daa4b73889b5,da50b1d7-0f90-441e-a821-cc0d39dcc552,
5091,usnm,,270355,alouatta,caraya,usnm,paleobiology,pal270355,hymenocaris,sp,usnm,mammals,270355,alouatta,caraya,1,98fd717a-a71d-43af-87be-df8b6f000abc,d1cf1ebe-c85a-4c65-ace4-88efd67a2a17,
2312,usnm,m,452509,papio,cynocephalus,usnm,paleobiology,pal452509,isurus,hastalis,usnm,mammals,452509,papio,cynocephalus,1,42a9c801-44b0-4d19-a601-6f1d0e715000,c3fe0ebf-df93-4545-86ed-2cdcd348b6be,
3852,usnm,,291056,ateles,geoffroyi,usnm,paleobiology,pal291056,isurus,sp,usnm,mammals,291056,ateles,geoffroyi,1,e049fbd2-3d08-48d8-9ba4-24198732eb10,501b21e9-8664-4b8a-8bc5-fcbaf4d334f0,
3870,usnm,,291055,ateles,geoffroyi,usnm,paleobiology,pal291055,isurus,sp,usnm,mammals,291055,ateles,geoffroyi,1,5b222057-97a7-44fb-96e2-68b46ea0a5ee,87b9a61b-ebff-4735-9f0a-9760e2c093dc,
3872,usnm,,291059,ateles,geoffroyi,usnm,paleobiology,pal291059,isurus,sp,usnm,mammals,291059,ateles,geoffroyi,1,a1bb55c4-1ed9-4d49-824f-8360e9755713,795ed4b1-50a9-45e6-9bf4-32819f0531e8,
3873,usnm,,291060,ateles,geoffroyi,usnm,paleobiology,pal291060,isurus,sp,usnm,mammals,291060,ateles,geoffroyi,1,b0ed40d3-32ee-4d66-b6db-a5817d922003,cfd278c9-f025-4852-8a5b-4d42cb5603e4,
3918,usnm,,339921,alouatta,palliata,usnm,paleobiology,pal339921,isurus,hastalis,usnm,mammals,339921,alouatta,palliata,1,da6ae375-fcb8-4558-bf6b-56f151679c4f,03025442-2cdc-4cbf-88bc-60728127b54e,
3980,usnm,,281552,aotus,lemurinus,usnm,paleobiology,pal281552,isurus,sp,usnm,mammals,281552,aotus,lemurinus,1,c2dbc700-c864-4e70-81d1-e96d0e727f8e,d0e2119f-8a83-434a-96d6-d0b8f878b75d,
3981,usnm,,281554,aotus,lemurinus,usnm,paleobiology,pal281554,isurus,sp,usnm,mammals,281554,aotus,lemurinus,1,4dab8438-85f5-4f9e-9369-3f8f4c18c2d5,f059b0ae-29c0-4653-b316-c25819897934,
3994,usnm,,281551,aotus,lemurinus,usnm,paleobiology,pal281551,isurus,sp,usnm,mammals,281551,aotus,lemurinus,1,631382c5-451d-4031-a724-6b95af151719,64e10ef6-583f-4aff-908b-f52a8b70e347,
3995,usnm,,281555,aotus,lemurinus,usnm,paleobiology,pal281555,isurus,sp,usnm,mammals,281555,aotus,lemurinus,1,655fcd61-6e4e-4c47-a97e-eb9fdcf7407e,936b0316-687a-4a47-983f-1d627d951778,
4374,usnm,,302627,cacajao,calvus,usnm,paleobiology,pal302627,keraiaceras,percostatum,usnm,mammals,302627,cacajao,calvus,1,dd006b36-2483-4307-a04a-25aadb646ad8,fe8ba940-681c-4310-b74b-bb0d8dc38a3e,
4340,usnm,,519570,cacajao,calvus,usnm,paleobiology,pal519570,kionoceras,sp,usnm,mammals,519570,cacajao,calvus,1,d3709561-1256-488f-9f01-9597a54b12f3,9e6f116a-3b48-45d1-a48a-ef66561102f2,
4387,usnm,,338117,cebus,capucinus,usnm,paleobiology,pal338117,lasiurus,borealis,usnm,mammals,338117,cebus,capucinus,1,36532240-3fb9-4d73-a9c2-84264c15bc3d,29b1e171-fa84-4b17-acee-e459e6799909,
5255,usnm,,271048,symphalangus,syndactylus,usnm,paleobiology,pal271048,leperditella,tumida,usnm,mammals,271048,symphalangus,syndactylus,1,114d9443-40ae-4b31-9f5f-4fde049d7d85,4d4dada5-3cb2-4985-9a0d-8a1af3d2babd,
3952,usnm,,339658,pithecia,pithecia,usnm,paleobiology,pal339658,lepidocyclina,pustulosa,usnm,mammals,339658,pithecia,pithecia,1,681ad198-c51c-411c-bcfa-991ded88eaad,5011aed1-ac0c-487d-956f-e8e293ac65ec,
3953,usnm,,339659,pithecia,pithecia,usnm,paleobiology,pal339659,lepidocyclina,pustulosa,usnm,mammals,339659,pithecia,pithecia,1,a81d88df-7453-4457-9112-85188d56371a,48f63d05-6f22-4f8b-8186-f797679dab4f,
3954,usnm,,339660,pithecia,pithecia,usnm,paleobiology,pal339660,lepidocyclina,pustulosa,usnm,mammals,339660,pithecia,pithecia,1,b2c27014-1a3b-4b5b-9e89-4ad0da1aee22,3276b989-0a0f-4747-8529-09e16ab44d74,
4368,usnm,,339661,chiropotes,satanas,usnm,paleobiology,pal339661,lepidocyclina,pustulosa,usnm,mammals,339661,chiropotes,satanas,1,408459ed-a1c7-44f4-a445-5bf5f711abff,943cda01-bc2c-46ef-8647-fdd320ca3017,
265,usnm,,361019,cebus,apella,usnm,paleobiology,pal361019,leptotomus,parvus,usnm,mammals,361019,cebus,apella,1,bb21da3b-d0b7-4fc7-a159-58c7996f952f,e4cde9ea-1f76-4270-b48a-b9b91aabb8e9,
4367,usnm,,361021,cebus,olivaceus,usnm,paleobiology,pal361021,leptotomus,parvus,usnm,mammals,361021,cebus,olivaceus,1,aabf1d5a-c835-4a2c-a5e1-22a6ef87fc5c,6f12998e-8a2e-4574-9cee-8675e482506f,
218,usnm,,281741,alouatta,seniculus,usnm,paleobiology,pal281741,lingulella,sp,usnm,mammals,281741,alouatta,seniculus,1,82034da0-bb7d-4a9a-a340-6bb6e0a2a9b3,cd8a32fa-3233-4d78-9f2b-28bd7f458475,
219,usnm,,281751,alouatta,seniculus,usnm,paleobiology,pal281751,lingulella,sp,usnm,mammals,281751,alouatta,seniculus,1,4bd2edc6-f820-411f-b3b4-03d256fa9052,156d88ab-0fa8-415a-b2f4-a754c1218ae1,
342,usnm,,281758,alouatta,seniculus,usnm,paleobiology,pal281758,lingulella,sp,usnm,mammals,281758,alouatta,seniculus,1,ec7d4a30-4d4c-46ef-b531-02b85b0c6a78,ea2c87cb-8354-46e8-9708-9b0d71191163,
214,usnm,,290601,alouatta,palliata,usnm,paleobiology,pal290601,lithornis,celetius,usnm,mammals,290601,alouatta,palliata,1,e6231a50-22ac-439b-92e3-fda3b20447b9,461a9adb-e856-4f79-8687-189ac240a989,
3880,usnm,,336200,ateles,geoffroyi,usnm,paleobiology,pal336200,lithornis,celetius,usnm,mammals,336200,ateles,geoffroyi,1,84277eda-7535-445d-b12f-95e3cf88dfb3,86076aed-c361-4539-a5ad-0078306a654d,
38,usnm,,83652,avahi,laniger,usnm,paleobiology,pal83652,lophospira,aojii,usnm,mammals,83652,avahi,laniger,1,69b8d143-1c14-4ecd-8659-a33f628ad4d9,ce6ff475-d1d5-4c99-894e-397ff1b3ee9a,
4389,usnm,,83655,microcebus,rufus,usnm,paleobiology,pal83655,lophospira,manchuriensis,usnm,mammals,83655,microcebus,rufus,1,17787dcc-5c3c-4dfd-a1b4-733eff2e6356,8b502e3c-6142-41fd-9e76-8f60a23d944a,
4390,usnm,,83654,microcebus,rufus,usnm,paleobiology,pal83654,lophospira,kangyaoensis,usnm,mammals,83654,microcebus,rufus,1,74f883ec-e789-41e6-9361-4c0dab20f72e,c9a54ac2-e9d2-4969-88ba-0a976685a52b,
4391,usnm,,83653,cheirogaleus,major,usnm,paleobiology,pal83653,lophospira,grabaui,usnm,mammals,83653,cheirogaleus,major,1,8384c5e0-a5c9-404a-9367-49dae9ceb401,491a568d-b361-4e8d-b2d5-01d1de8c135f,
1252,usnm,,488067,ptilocercus,lowii,usnm,paleobiology,pal488067,makaira,nigricans,usnm,mammals,488067,ptilocercus,lowii,1,a67db2b0-ef3d-4026-ae5e-3eac164690c9,592479b2-fafe-4ad3-a6ed-b06493eb0571,
1254,usnm,,488069,ptilocercus,lowii,usnm,paleobiology,pal488069,makaira,nigricans,usnm,mammals,488069,ptilocercus,lowii,1,5072a3b5-1a9e-4beb-9109-de5361cb103f,b237da58-fab5-49f2-bb78-c6e4b21a83c8,
1393,usnm,,488072,ptilocercus,lowii,usnm,paleobiology,pal488072,makaira,nigricans,usnm,mammals,488072,ptilocercus,lowii,1,553b9113-ae83-4267-ab3a-aa7791e1ed38,9529a733-760a-4117-856a-fc04c55b9e5b,
1696,usnm,,488055,ptilocercus,lowii,usnm,paleobiology,pal488055,makaira,nigricans,usnm,mammals,488055,ptilocercus,lowii,1,0d8ff2ef-2982-4005-8027-8151866aafd8,2d70c017-322b-4192-a039-0f20ebf7378c,
3686,usnm,,488104,ratufa,affinis,usnm,paleobiology,pal488104,makaira,nigricans,usnm,mammals,488104,ratufa,affinis,1,9595167d-b912-491b-9b4f-56950ab7cfa9,e6939972-d0bf-4f59-905e-8ff2cce0be48,
2981,usnm,,194342,lagothrix,lagotricha,usnm,paleobiology,pal194342,marpolia,spissa,usnm,mammals,194342,lagothrix,lagothricha,1,9c96aa15-aa8d-4bed-96d6-3e6c93630565,775cdcac-6b57-4127-98d2-189bf3e5355e,
267,usnm,,291123,cebus,capucinus,usnm,paleobiology,pal291123,merluccius,bilinearis,usnm,mammals,291123,cebus,capucinus,1,e4b5d4aa-8dde-4db2-bb10-138bbbc6d39a,74af1e38-6c2b-4333-814c-37b3556d1e29,
4395,usnm,,338111,ateles,fusciceps,usnm,paleobiology,pal338111,mimus,trifasciatus,usnm,mammals,338111,ateles,fusciceps,1,b7ebddb1-9b65-4f86-aa1f-4a95af0fc8f5,cfb84aa0-bb07-4b9f-8bce-38b7704425c8,
5498,usnm,,338113,ateles,fusciceps,usnm,paleobiology,pal338113,myiarchus,magnirostris,usnm,mammals,338113,ateles,fusciceps,1,5eede72c-7256-4add-b953-636b043cdd7f,075f1d91-a9b5-4711-99e0-43a7d992a1e2,
264,usnm,,296634,cebus,apella,usnm,paleobiology,pal296634,negaprion,sp,usnm,mammals,296634,cebus,apella,1,502af67a-f58f-4039-96f7-1b6f9cf567c2,9405c9bc-058a-4dc0-847b-80beca63a091,
4369,usnm,,362118,saguinus,midas,usnm,paleobiology,pal362118,ninoziphius,sp,usnm,mammals,362118,saguinus,midas,1,c05248ad-9156-4b04-88a6-d19108f2c365,6d7266ff-3473-4712-ba7c-44df9befef60,
3737,usnm,,300660,paleosuchus,trigonatus,usnm,paleobiology,pal300660,onychodus,sp,usnm,amphibians & reptiles,300660,paleosuchus,trigonatus,1,617ce0f2-4c5b-456e-9b7f-b99b2e76f184,6f1cf519-6e72-419f-b39d-ccfa68145312,
276,usnm,,338962,chiropotes,satanas,usnm,paleobiology,pal338962,operculinoides,georgianus,usnm,mammals,338962,chiropotes,satanas,1,22d51c6b-bae2-4e5c-86ef-bd0eded41114,23f59438-6d91-4a4d-962d-e6167bc809a1,
2201,usnm,,320690,tupaia,belangeri,usnm,paleobiology,pal320690,oreopanax,mississippiensis,usnm,mammals,320690,tupaia,belangeri,1,366cb3e7-9dc3-4c2a-8c27-f28a9aa6b3ae,e7c817a5-0876-400c-aa75-0ef5a4b62199,
2200,usnm,,320680,tupaia,belangeri,usnm,paleobiology,pal320680,osteomeles,kozlowskiana,usnm,mammals,320680,tupaia,belangeri,1,e338cdd1-2b41-4803-bbf4-76561499c916,094220df-6e07-4cbb-93fe-a201380f9678,
35,usnm,,83650,avahi,laniger,usnm,paleobiology,pal83650,pararaphistoma,qualteriata,usnm,mammals,83650,avahi,laniger,1,f41ca062-3490-4504-9987-aba76fadf88b,f30cdb74-e351-48d4-9679-5fd36abef7ee,
4392,usnm,,83651,avahi,laniger,usnm,paleobiology,pal83651,pararaphistoma,qualteriata,usnm,mammals,83651,avahi,laniger,1,9065a350-d09d-48b5-9bb3-441b37bc6903,b413c12f-6379-4d28-b169-118a5e97c183,
3682,usnm,,481190,aeromys,tephromelas,usnm,paleobiology,pal481190,pentremitidea,sp,usnm,mammals,481190,aeromys,tephromelas,1,a043d459-9cfe-4971-a1f6-02bf4a94357b,5e666ca8-c320-4c74-98c8-704ee6dc2b93,
1079,usnm,m,145302,pongo,pygmaeus,usnm,paleobiology,pal145302,phillipsia,tuberculata,usnm,mammals,145302,pongo,pygmaeus,1,3a10a98a-3a4c-495e-b2d1-ba60b537a331,0a7634e4-2f67-4f8d-949f-32d6b1b0f7dd,
3605,usnm,,367956,paraxerus,cepapi,usnm,paleobiology,pal367956,physeterula,sp,usnm,mammals,367956,paraxerus,cepapi,1,4f61c4cd-faff-4226-9b2b-9da965faf03b,d51e0731-aae1-43fc-9228-91d5bcb2e125,
5210,usnm,,319516,cacajao,calvus,usnm,paleobiology,pal319516,physeterula,sp,usnm,mammals,319516,cacajao,calvus,1,faa46533-0565-4138-9c89-b5fecf9305c5,5738d216-785b-477e-99d8-6b6f30dd2686,
2199,usnm,,320666,tupaia,belangeri,usnm,paleobiology,pal320666,pithecolobium,palcanum,usnm,mammals,320666,tupaia,belangeri,1,8abb996a-49a5-4b00-92f3-b4c0ddf35953,560ba31f-8093-4b23-82e7-d02bde31aef6,
3926,usnm,,388161,chiropotes,chiropotes,usnm,paleobiology,pal388161,plesiacanthoceras,wyomingense,usnm,mammals,388161,chiropotes,satanas,1,7aca147a-d9e8-496f-83f2-2da4799152f3,4f61900e-bbf0-49c8-8f45-d91800e643e0,
3927,usnm,,388162,chiropotes,chiropotes,usnm,paleobiology,pal388162,plesiacanthoceras,wyomingense,usnm,mammals,388162,chiropotes,satanas,1,11b816bb-dfc3-4bd4-919e-b678ee6ab9b3,eaf65f44-a13d-480c-b292-82fe457e61f7,
3928,usnm,,388163,chiropotes,chiropotes,usnm,paleobiology,pal388163,plesiacanthoceras,wyomingense,usnm,mammals,388163,chiropotes,satanas,1,116b3aec-9581-43a3-8040-553976828b30,82e91949-b947-4a06-80d0-8812b270bef3,
3929,usnm,,388166,chiropotes,satanas,usnm,paleobiology,pal388166,plesiacanthoceras,wyomingense,usnm,mammals,388166,chiropotes,satanas,1,fc0db4bc-200c-4cc6-a34f-05019d4b4d86,72d37278-cbb3-4ab9-b24b-2d25a58f68be,
3930,usnm,,388168,chiropotes,satanas,usnm,paleobiology,pal388168,plesiacanthoceras,wyomingense,usnm,mammals,388168,chiropotes,satanas,1,0bb8f209-afbb-451d-8a5d-6470c24cb3f6,7a8b1b0d-bd54-46f4-8dab-3fb5a06e416e,
3935,usnm,,388165,chiropotes,chiropotes,usnm,paleobiology,pal388165,plesiacanthoceras,wyomingense,usnm,mammals,388165,chiropotes,satanas,1,1952d58a-13a3-4dff-be48-b7159b42f6a4,3718a32f-7b06-4cfc-a7cc-737179725084,
3914,usnm,,337553,alouatta,palliata,usnm,paleobiology,pal337553,populophyllum,minutum,usnm,mammals,337553,alouatta,palliata,1,e00114ce-2f1f-4180-b1cc-bce48156a3c8,2b0adea5-ea5d-4ae1-ac3f-aa4288e30c83,
3978,usnm,,179919,aotus,lemurinus,usnm,paleobiology,pal179919,productus,occidentalis,usnm,mammals,179919,aotus,lemurinus,1,65d1a705-44a3-4e1c-9bc9-ddd75bea569e,099ec145-2dab-4d44-b733-a33864e90a93,
3982,usnm,,179920,aotus,lemurinus,usnm,paleobiology,pal179920,productus,waagenianus,usnm,mammals,179920,aotus,lemurinus,1,2d817a0a-e5c1-4fd9-8c54-ace12d5565d7,662aa6ef-a2f5-48eb-8762-49424e891070,
3990,usnm,,179922,aotus,lemurinus,usnm,paleobiology,pal179922,productus,subhorridus,usnm,mammals,179922,aotus,lemurinus,1,81816454-27cb-4655-97fa-8674780974d9,9b932786-7948-4f3e-955c-ca51b74f10fa,
1072,usnm,,176227,pan,troglodytes,usnm,paleobiology,pal176227,pseudobulweria,rupinarum,usnm,mammals,176227,pan,troglodytes,1,c38a0d83-f9ca-4977-8c7f-61abda6fe9e2,d20a7996-7d6e-42a0-8caa-bcc4bc80dcd0,
1073,usnm,,176229,pan,troglodytes,usnm,paleobiology,pal176229,pseudobulweria,rupinarum,usnm,mammals,176229,pan,troglodytes,1,8ec95b74-4fac-47e4-acad-203d0520389d,2791476f-8580-4ce1-9e82-9961f2e0ca23,
3962,usnm,,395071,pithecia,pithecia,usnm,paleobiology,pal395071,pterodroma,hypoleuca,usnm,mammals,395071,pithecia,pithecia,1,efbc15e0-5270-4d11-a9f9-6d9df030044b,c76d2329-f93f-47b2-8f27-aed5fea58c58,
5226,usnm,,395027,cacajao,calvus,usnm,paleobiology,pal395027,pterodroma,hypoleuca,usnm,mammals,395027,cacajao,calvus,1,9de3e03c-cc0a-48de-8420-237bddb24867,6fb1531d-0713-4045-9d3b-9f1ff3dc6994,
201,usnm,,317966,hapalemur,griseus,usnm,paleobiology,pal317966,quercus,virginiana,usnm,mammals,317966,hapalemur,griseus,1,7859214b-f28b-4782-bc72-0a996d11b999,0ea4d5f7-090c-4177-bbb9-d5531cd92bd3,
3380,usnm,,282639,carlito,syrichta,usnm,paleobiology,pal282639,redfieldia,sp,usnm,mammals,282639,carlito,syrichta,1,6a74a1b8-e84e-40a1-919b-70060adebd8a,87aa629d-0770-4a34-8165-eb97ae57c09a,
217,usnm,,281673,alouatta,seniculus,usnm,paleobiology,pal281673,redfieldius,gracilis,usnm,mammals,281673,alouatta,seniculus,1,bba05bda-e7e5-478f-8fd9-0350ce6f4538,edd67106-41e3-426e-8599-e8aaeba26921,
1075,usnm,,142169,pongo,pygmaeus,usnm,paleobiology,pal142169,rhynchonella,explanata,usnm,mammals,142169,pongo,pygmaeus,1,423cc16c-00a3-4277-8535-986a0e0a924c,ad53f541-fb67-4aee-8a54-fd5132a747c1,
1076,usnm,,142170,pongo,pygmaeus,usnm,paleobiology,pal142170,rhynchonella,explanata,usnm,mammals,142170,pongo,pygmaeus,1,c9f789a8-e91e-49ee-8908-3757849fd71d,8e38c5d3-7ccb-4fef-b635-d5e4a0404a80,
2307,usnm,m,425422,cercopithecus,albogularis,usnm,paleobiology,pal425422,rubroceras,alatum,usnm,mammals,425422,cercopithecus,albogularis,1,3123e6d2-5f45-49be-8c67-a8baa0e49b03,f7c23988-e0c8-4008-a614-288014639a4e,
2309,usnm,m,425424,cercopithecus,albogularis,usnm,paleobiology,pal425424,rubroceras,alatum,usnm,mammals,425424,cercopithecus,albogularis,1,84c70021-cdd5-4a2e-93d8-a94ab24dc28d,f11b1fc9-dfec-443d-a82c-5a1f9297acdc,
2310,usnm,m,425426,cercopithecus,albogularis,usnm,paleobiology,pal425426,rubroceras,burroense,usnm,mammals,425426,cercopithecus,albogularis,1,3264da75-77f3-4d5b-975e-0f4ebc206e83,38702a9c-2fce-4097-85c5-853d87af9d2d,
2311,usnm,m,425427,cercopithecus,albogularis,usnm,paleobiology,pal425427,rubroceras,burroense,usnm,mammals,425427,cercopithecus,albogularis,1,e68f9093-b267-4249-9a8f-137d14f8ab90,d804d95f-432d-440f-80a3-3690f06330ee,
3996,usnm,,284776,aotus,lemurinus,usnm,paleobiology,pal284776,sarda,sarda,usnm,mammals,284776,aotus,lemurinus,1,c82578ff-a533-41b7-b27a-2b85d37e3a75,fc4e77e1-466f-48ec-8215-414dd07b84a0,
3877,usnm,,291968,ateles,geoffroyi,usnm,paleobiology,pal291968,scapanorhynchus,sp,usnm,mammals,291968,ateles,geoffroyi,1,b081a1f9-7e34-458e-901b-c6995149c01b,59153f16-770e-4952-89aa-c1f30cbca51c,
4105,usnm,,300000,nycticebus,coucang,usnm,paleobiology,pal300000,scapanorhynchus,sp,usnm,mammals,300000,nycticebus,coucang,1,752d419d-8720-4d25-a748-2d6557d78d51,6e5c05f2-50af-4f3d-abdc-ae80e7c3cb1e,
269,usnm,,291133,cebus,capucinus,usnm,paleobiology,pal291133,sciaenops,sp,usnm,mammals,291133,cebus,capucinus,1,21cf18bf-bdb8-4811-91c4-93000df72a56,913e2d34-576a-4c06-9c52-b9f74fbea60d,
3379,usnm,,200279,tarsius,tarsier,usnm,paleobiology,pal200279,selkirkia,sp,usnm,mammals,200279,tarsius,tarsier,1,25af7dac-4005-4fbe-8503-432c29a900b7,fa473d52-84f1-45d3-924f-d8831fcdb7e9,
4378,usnm,,256739,loris,lydekkerianus,usnm,paleobiology,pal256739,smilodectes,gracilis,usnm,mammals,256739,loris,lydekkerianus,1,19c759f2-aad2-4abd-a659-52ed116ff49a,317b62d3-b168-40f0-8afd-654605ee368c,
215,usnm,,123517,alouatta,seniculus,usnm,paleobiology,pal123517,spathognathodus,inornatus,usnm,mammals,123517,alouatta,seniculus,1,1e1997dd-e0ff-492d-88b5-f0462536401e,6dceeeaf-b7a7-4f60-870e-ae7ba8b15856,
2556,usnm,,291236,cebus,capucinus,usnm,paleobiology,pal291236,sphyraena,barracuda,usnm,mammals,291236,cebus,capucinus,1,3450b6aa-30b1-40e7-b331-57d22ae35fc9,56fba7df-2221-4591-9928-1699b084407b,
2313,usnm,m,469905,chlorocebus,pygerythrus,usnm,paleobiology,pal469905,spiroloculina,hadai,usnm,mammals,469905,chlorocebus,pygerythrus,1,f0803756-4529-4cd1-b872-ae64bb4add9b,46c28b5c-b255-416c-ad16-d4ac83188eef,
4371,usnm,,337946,eulemur,fulvus,usnm,paleobiology,pal337946,stegosaurus,sp,usnm,mammals,337946,eulemur,mongoz,1,853b4ea2-f573-472e-90f5-685baea6c317,ef6356c2-e7c7-4775-b961-d4561b62690e,
5662,usnm,,337948,cebuella,pygmaea,usnm,paleobiology,pal337948,stegosaurus,sp,usnm,mammals,337948,cebuella,pygmaea,1,4dd52acf-8f19-4e85-9bc2-f877e7ae5061,f3bd7ad1-f1af-487b-938e-e28ceacc739f,
2303,usnm,m,384223,papio,anubis,usnm,paleobiology,pal384223,thambetochen,sp,usnm,mammals,384223,papio,anubis,1,bd354876-a6f1-4193-a2c3-663f8d284e5d,80e4534b-ff79-4b41-a98c-5f44981f48a3,
2305,usnm,m,384228,papio,anubis,usnm,paleobiology,pal384228,thambetochen,sp,usnm,mammals,384228,papio,anubis,1,ba128c46-59d4-4dad-8065-c989715dfdd5,92f89fdc-e5f0-420c-9a14-7acfb8945e2a,
4364,usnm,,397661,otolemur,garnettii,usnm,paleobiology,pal397661,thambetochen,sp,usnm,mammals,397661,otolemur,garnettii,1,21d21c74-5a2f-42d4-a65d-d6dae70d96f0,6f9379ea-f8f1-4e88-9566-241e9d03d518,
4365,usnm,,397231,cheirogaleus,major,usnm,paleobiology,pal397231,thambetochen,sp,usnm,mammals,397231,cheirogaleus,major,1,fb51b3a1-f112-4c09-8575-8420e0fc89e8,3d1fc787-fb82-4383-9202-e5867bb66f4c,
5193,usnm,,397244,ateles,sp.,usnm,paleobiology,pal397244,thambetochen,sp,usnm,mammals,397244,ateles,sp.,1,039b7883-8919-4b3f-95d1-4ef33d91d36d,c2a2a8ae-9706-4a1a-832c-9a60d7f2a496,
5221,usnm,,397775,lagothrix,lagotricha,usnm,paleobiology,pal397775,thambetochen,sp,usnm,mammals,397775,lagothrix,lagothricha,1,ffa3dfa7-e6f8-412b-9bd8-9eacde2d7c8c,a5bf7467-87eb-469a-9038-b810490c7d7a,
5651,usnm,,399034,callithrix,jacchus,usnm,paleobiology,pal399034,thambetochen,sp,usnm,mammals,399034,callithrix,jacchus,1,e357aa67-0f7a-4ebf-b72d-f0039bc7dd98,8743b5a9-8d94-44d6-90b0-9da7eb6e807a,
3695,usnm,,488639,hylopetes,spadiceus,usnm,paleobiology,pal488639,thaumatomma,permiana,usnm,mammals,488639,hylopetes,spadiceus,1,41cae5f5-872a-46f2-ac2d-36125177b9b4,0a65f827-8f74-4fc1-b16d-27b91ef16bd9,
3697,usnm,,488674,petinomys,setosus,usnm,paleobiology,pal488674,thaumatomma,procax,usnm,mammals,488674,petinomys,setosus,1,923fa2a4-e30a-4a94-a092-64b6b90a1341,a88f3121-60ce-4006-b52b-d1e79bb4da1a,
2076,usnm,,481103,ptilocercus,lowii,usnm,paleobiology,pal481103,tyrannosaurus,rex,usnm,mammals,481103,ptilocercus,lowii,1,5c920aeb-5d73-4c63-85b4-8255a88ea97d,7f8dfd76-1895-4f2f-9449-caeea540d049,
5227,usnm,,338114,ateles,fusciceps,usnm,paleobiology,pal338114,tyto,glaucops,usnm,mammals,338114,ateles,fusciceps,1,08e2123b-c273-41e7-a2de-ce132879a0ab,c8008fdc-6595-4ac3-8933-499fc1351332,
281,usnm,,549519,chiropotes,satanas,usnm,paleobiology,pal549519,,,usnm,mammals,549519,chiropotes,satanas,1,af447967-0c28-4b4c-bd52-bf1e58d8c65f,eaaa7de0-bc30-4b5e-8bb8-ffaad3305567,
1808,usnm,,504077,globicephala,macrorhynchus,usnm,paleobiology,pal504077,,,usnm,mammals,504077,globicephala,macrorhynchus,1,9d62ee46-05a3-49e6-81c0-6b4081665d22,1e846d3e-0cb5-4ea3-84a1-933f3466daab,
1813,usnm,,504985,kogia,breviceps,usnm,paleobiology,pal504985,,,usnm,mammals,504985,kogia,breviceps,1,9f58f9c7-c041-4e02-afc9-46d1b6fe8e61,742aab83-8d74-47a8-adac-1302adcf826f,
1825,usnm,,504983,kogia,breviceps,usnm,paleobiology,pal504983,,,usnm,mammals,504983,kogia,breviceps,1,41181bc4-14a8-473e-a332-5ffc1fc9e229,ebc36a0a-a37d-44e3-8cc7-0fd1752ffb87,
1827,usnm,,504750,steno,bredanensis,usnm,paleobiology,pal504750,,,usnm,mammals,504750,steno,bredanensis,1,291669fc-f696-4feb-9a20-19590380a301,d8cadb19-01bf-45eb-b0f0-9e275c73abe0,
1828,usnm,,504022,stenella,attenuata,usnm,paleobiology,pal504022,,,usnm,mammals,504022,stenella,attenuata,1,041af524-a5ce-42b3-ba4b-f6003d91cfdb,ef29ca91-14cc-40ff-80be-b15a3da4338e,
3520,usnm,,503392,varecia,variegata,usnm,paleobiology,pal503392,,,usnm,mammals,503392,varecia,variegata,1,7d12fc33-be46-41c7-a8dd-16142d8fae13,cb0affa0-d766-4c57-b99f-75cc9f94765e,
3699,usnm,,549146,tamiasciurus,hudsonicus,usnm,paleobiology,pal549146,,,usnm,mammals,549146,tamiasciurus,hudsonicus,1,a387a1cb-42a4-481b-b692-2a8af862278f,d8f53ae1-b1a0-4f67-8720-6f2f498112bb,
3701,usnm,,589079,petaurista,petaurista,usnm,paleobiology,pal589079,,,usnm,mammals,589079,petaurista,petaurista,1,ef880647-b26e-4f77-9dfe-0cacdf8169ab,80b7c8b9-ad12-4826-8e3a-5742bc476f21,
3835,usnm,,503885,callithrix,jacchus,usnm,paleobiology,pal503885,,,usnm,mammals,503885,callithrix,jacchus,1,c98c1d89-efc9-4be4-ab32-bf6f11290b0b,fe5d4e99-c9fa-4267-89bd-a9f1086e3e36,
5212,usnm,,549521,saguinus,midas,usnm,paleobiology,pal549521,,,usnm,mammals,549521,saguinus,midas,1,30724769-b612-4c14-ae73-3b3f2aac4866,683a968f-4045-417f-bc34-20a049c9fb46,
5645,usnm,,575153,callimico,goeldii,usnm,paleobiology,pal575153,,,usnm,mammals,575153,callimico,goeldii,1,c2349c07-4636-4385-b9bb-21f5dd8ba45c,6c3f137d-ec07-4c37-a11a-45c612189eb4,
5665,usnm,,588152,leontopithecus,rosalia,usnm,paleobiology,pal588152,,,usnm,mammals,588152,leontopithecus,rosalia,1,862c6637-9372-48d5-b40f-a06efbf938f7,9abd4c85-57c6-4d7e-883e-08d39557425b,
1744,uf,,6597,parahippus,leonensis,uf,mammals,6597,dasypus,novemcinctus,uf,uf/fgs,6597,parahippus,leonensis,1,db7c4db1-2aad-43ee-8760-442c635ac3e1,2337aae6-deac-47c3-8dcb-995516fac9a2,
4344,amnh,r,47333,cordylus,angolensis,amnh,mammals,m-47333,akodon,,,,,,,1,c3aaf617-1f73-4de4-be78-29dc34c7f289,70f5f5e6-770c-4422-bf67-3485f8d9ea29,
4347,amnh,r,47337,smaug,giganteus,amnh,mammals,m-47337,akodon,,,,,,,1,77544736-e525-4f78-a1d5-15df36f9c397,62e5fb78-ec82-49f3-93b6-476bc679ede4,
4350,amnh,r,47301,cordylus,namakuiyus,amnh,mammals,m-47301,akodon,,,,,,,1,fcc71204-d093-4fc0-a295-225e125c1415,bab1032d-d1f2-44a9-b85f-456d6fd7f768,
4348,amnh,r,161015,smaug,depressus,amnh,mammals,m-161015,alcelaphus,buselaphus,,,,,,1,ee06a82b-6dc3-4d01-b1b5-220a67b07db0,99713664-c0df-48f7-9e98-31a03ca8c85d,
657,amnh,,246510,mastecembelus,brachyrhinus,amnh,mammals,m-246510,carollia,brevicauda,,,,,,0,1a396348-1abe-4634-94be-cd3eb9fa633e,,
662,amnh,,255098,mastecembelus,brichardi,amnh,mammals,m-255098,peromyscus,polionotus,,,,,,0,01e54df3-9686-42c2-b0dd-7b47eddb18af,,
3992,amnh,a,124113,hemiphractus,elioti,amnh,mammals,m-124113,peromyscus,,,,,,,1,e54c3a24-aec4-4f61-9fe1-9ccf98d5e7fd,6ef31a14-bc37-4d7a-9486-ffd1d40480c7,
660,amnh,,250233,mastacembelus,crassus,amnh,mammals,m-250233,podomys,floridanus,,,,,,0,faf88c19-b2d1-4941-b524-c6edf929eee8,,
661,amnh,,241590,lamprologus,tigripictilis,amnh,mammals,m-241590,rattus,exulans,,,,,,0,f0c5cee0-fe4c-4fb3-9f50-95957d4bc05e,,
4345,amnh,r,173381,smaug,warreni,amnh,mammals,m-173381,reithrodontomys,megalotis,,,,,,1,c08eb1c1-b508-475b-acfd-f94d32e6d289,328539ee-ac44-42b3-90d9-06aa504766fd,
4349,amnh,r,173382,smaug,barbertonensis,amnh,mammals,m-173382,reithrodontomys,megalotis,,,,,,1,441e4cc2-9753-48f5-be95-b32a6f72018d,bf77e5fb-93df-45a0-be90-6671b1417216,
658,amnh,,255225,mastacembelus,simbi,amnh,mammals,m-255225,sigmodon,hispidus,,,,,,0,e6001cf7-b49f-422c-a75c-19fd8930a35c,,
5021,amnh,h,19891,elachistocleis,bicolor,amnh,mammals,m-19891,tamiasciurus,hudsonicus,,,,,,1,7ace5286-7f8d-471c-9c5c-4f862208b067,af1f938d-186e-4d41-a7c2-b05e0969b141,
3604,usnm,,298500,eutamias,minimus,usnm,paleobiology,pal298500,aetobatus,arcuatus,,,,,,1,6bcfd53a-4502-442a-8088-a825dd035454,4463ede7-5892-446e-b111-a682c9b453b9,
294,usnm,,461919,pithecia,monachus,usnm,paleobiology,pal461919,conulus,albogalerus,,,,,,2,8470e10b-3ce4-4169-8e13-61871ce88238,,
3603,usnm,,294865,callosciurus,sp,usnm,paleobiology,pal294865,cretolamna,sp,,,,,,1,c14650bf-7b8e-42f8-b563-414c8768f7b2,41ed27c6-6208-4fca-91bb-833c15bf6e09,
4380,usnm,,241579,galago,zanzibaricus,usnm,paleobiology,pal241579,ermoceras,sp,,,,,,1,7f87e2d5-17ba-4f10-b26b-3e3066ea0e08,14977a10-1203-4bef-a935-949ff1efdac3,
203,usnm,,377375,arctocebus,calabarensis,usnm,paleobiology,pal377375,gastrocopta,montana,,,,,,1,7be19479-97f9-4347-8090-1fd46b4885fe,e2b4db77-bab4-4e76-bc8d-b55fe0599576,should be spec # 377275
3005,usnm,,398640,lagothrix,lagotricha,usnm,paleobiology,pal398640,genus,sp,,,,,,1,13f93baf-55ed-4f20-bf96-ec54cc482c19,2b31a0c3-d497-480f-aeb3-9ae9e1883830,should be spec # 398460
3679,usnm,,481178,peromyscus,pulverulenus,usnm,paleobiology,pal481178,genus,sp,,,,,,1,826a3f60-2091-45a2-9da8-e940bf38dd75,79a30589-e69b-493d-87de-9e53717a60ff,
3858,usnm,,13297,ateles,geoffroyi,usnm,paleobiology,v13297,hemiacodon,gracilis,,,,,,1,2537b1a5-7fc3-4c22-bc12-fda682d163d6,160cceb8-7211-4815-bb2f-227cd1d1b569,should be spec # 11707
4528,usnm,a,126489,chiasmocleis,albopunctata,usnm,paleobiology,pal126489,leptocoelia,flabellites,,,,,,2,de4794d2-4246-4df4-8006-8abfd671aadb,,
3907,usnm,,36933,alouatta,palliata,usnm,paleobiology,pal36933,syringostroma,niagarense,,,,,,1,7fbfe4ed-752b-407f-9dc1-247c1d3c58ed,1d6bef1b-a4da-485a-9560-d09ae1debeb3,should be spec # 11393
5211,usnm,,397659,saguinus,fuscicollis,usnm,paleobiology,pal397659,thambetochen,sp,,,,,,1,8371ccb9-2f26-4a8a-897a-bef5609ad4ca,c040f967-c9c8-4f14-b491-fc2b22bae1db,
2302,usnm,m,356756,pygathrix,nemaeus,usnm,paleobiology,pal356756,urotheca,flagellum,,,,,,1,3aabf6ea-6289-45b7-8616-f74a00093314,e355b32d-f303-438d-9c39-937180938990,should be spec # 356576